Intel Name,Intel Source,Intel Source Link,Intel Summary,Impact,Date of Scan,Intel Push to Artemis
Hancitor (Jan '22),McAfee,https://www.mcafee.com/blogs/other-blogs/mcafee-labs/hancitor-doc-drops-via-clipboard/,,HIGH,12-Jan-22,Yes
Magecart (Jan '22),Akamai,https://www.akamai.com/blog/security/magecart-skimmers-are-alive-and-well-constant-vigilance-is-required,,HIGH,10-Jan-22,Yes
DarkWatchman,Prevailion,https://www.prevailion.com/darkwatchman-new-fileless-techniques/,,,12-Jan-22,Yes
Owowa,Kaspersky,https://securelist.com/owowa-credential-stealer-and-remote-access/105219/,,,13-Jan-22,Yes
ITG17/Muddywater,IBM,https://securityintelligence.com/posts/nation-state-threat-group-targets-airline-aclip-backdoor/,,HIGH,7-Jan-22,Yes
Phorpiex Botnet,Checkpoint,https://research.checkpoint.com/2021/phorpiex-botnet-is-back-with-a-new-twizt-hijacking-hundreds-of-crypto-transactions/,,HIGH,6-Jan-22,Yes
PseudoManuscript,Kaspersky,https://ics-cert.kaspersky.com/reports/2021/12/16/pseudomanuscrypt-a-mass-scale-spyware-attack-campaign/,,,6-Jan-22,Yes
CAB-less Exploit,Sophos,https://news.sophos.com/en-us/2021/12/21/attackers-test-cab-less-40444-exploit-in-a-dry-run/,,,7-Jan-22,Yes
BLISTER Malware,Elastic,https://www.elastic.co/blog/elastic-security-uncovers-blister-malware-campaign,,MEDIUM,4-Jan-22,Yes
Dridex (December '21),MalwareBytes,https://blog.malwarebytes.com/threat-intelligence/2021/12/dridex-affiliate-dresses-up-as-scrooge/,,HIGH,5-Jan-22,Yes
Flagpro,NTT Security,https://insight-jp.nttsecurity.com/post/102hf3q/flagpro-the-new-malware-used-by-blacktech,,,5-Jan-22,Yes
Autom Cryptomining Campaign,Aqua,https://blog.aquasec.com/attack-techniques-autom-cryptomining-campaign,,,6-Jan-22,Yes
Aged Domain - Solar Winds,Palo Alto,https://unit42.paloaltonetworks.com/strategically-aged-domain-detection/,,,6-Jan-22,Yes
Web Skimmer Campaign,Palo Alto,https://unit42.paloaltonetworks.com/web-skimmer-video-distribution/,,,6-Jan-22,Yes
Zloader Banking Malware Campaign,Checkpoint,https://research.checkpoint.com/2022/can-you-trust-a-files-digital-signature-new-zloader-campaign-exploits-microsofts-signature-verification-putting-users-at-risk/,,HIGH,5-Jan-22,Yes
TA551 IcedID,Palo Alto,https://github.com/pan-unit42/tweets/blob/master/2022-01-05-IOCs-for-TA551-IcedID-with-Cobalt-Strike.txt,,,6-Jan-22,Yes
Patchwork APT,MalwareBytes,https://blog.malwarebytes.com/threat-intelligence/2022/01/patchwork-apt-caught-in-its-own-web/,,HIGH,12-Jan-22,Yes
RedLine Stealer,Fortinet,https://www.fortinet.com/blog/threat-research/omicron-variant-lure-used-to-distribute-redline-stealer,,,12-Jan-22,Yes
SysJoker Backdoor,Intezer,https://www.intezer.com/blog/malware-analysis/new-backdoor-sysjoker/,,HIGH,11-Jan-22,Yes
APT35,Checkpoint,https://research.checkpoint.com/2022/apt35-exploits-log4j-vulnerability-to-distribute-new-modular-powershell-toolkit/,,HIGH,11-Jan-22,Yes
"Nanocore, Netwire and AsyncRAT",Cisco Talos,https://blog.talosintelligence.com/2022/01/nanocore-netwire-and-asyncrat-spreading.html,,HIGH,12-Jan-22,Yes
ABCbot,Cado security,https://www.cadosecurity.com/abcbot-an-evolution-of-xanthe/,,,12-Jan-22,Yes
TellYouThePass Ransomware,CrowdStrike,https://www.crowdstrike.com/blog/tellyouthepass-ransomware-analysis-reveals-modern-reinterpretation-using-golang/,,HIGH,13-Jan-22,Yes
DEV-0401,Microsoft,https://www.microsoft.com/security/blog/2021/12/11/guidance-for-preventing-detecting-and-hunting-for-cve-2021-44228-log4j-2-exploitation/#NightSky,,,13-Jan-22,Yes
Exploit Kits vs Chrome,Avast,https://decoded.avast.io/janvojtesek/exploit-kits-vs-google-chrome/,,MEDIUM,13-Jan-22,Yes
Abusing MS Office Using Malicious Web Archive Files,Netskope,https://www.netskope.com/blog/abusing-microsoft-office-using-malicious-web-archive-files,,MEDIUM,13-Jan-22,Yes
Magniber Ransomware,ASEC,https://asec.ahnlab.com/en/30645/,,,13-Jan-22,Yes
MuddyWater_MOIS,US cyber command,https://www.cybercom.mil/Media/News/Article/2897570/iranian-intel-cyber-suite-of-malware-uses-open-source-tools/,,HIGH,13-Jan-22,Yes
GootLoader Campaign,eSentire,https://www.esentire.com/security-advisories/gootloader-hackers-are-compromising-employees-of-law-firms-and-accounting-agencies-warns-esentire,,,13-Jan-22,Yes
BlueNoroff APT Group,Kaspersky,https://securelist.com/the-bluenoroff-cryptocurrency-hunt-is-still-on/105488/,,,14-Jan-22,Yes
FIN7 trojanized USB,Gemini Advisory,https://geminiadvisory.io/fin7-flash-drives-spread-remote-access-trojan/,,HIGH,24-Jan-22,Yes
vSphere cryptominer campaign,Uptycs,https://www.uptycs.com/blog/cryptominer-campaign-targeting-vmware-vsphere-services-for-coin-mining,,,19-Jan-22,Yes
WhisperGate,Microsoft,"https://www.microsoft.com/security/blog/2022/01/15/destructive-malware-targeting-ukrainian-organizations/, https://twitter.com/threatintel/status/1483470646210445320",,HIGH,20-Jan-22,Yes
(Mailbox Phishing Kit)Espionage campaign- Renewable energy companies,Bushidotoken,"https://blog.bushidotoken.net/2022/01/tracking-renewable-energy-intelligence.html, https://www.bleepingcomputer.com/news/security/cyber-espionage-campaign-targets-renewable-energy-companies/",,MEDIUM,19-Jan-22,Yes
Blackcat Ransomware,SentinelOne,https://www.sentinelone.com/labs/blackcat-ransomware-highly-configurable-rust-driven-raas-on-the-prowl-for-victims/,,,20-Jan-22,Yes
White Rabbit Ransomware,Trend Micro,"https://lodestone.com/insight/white-rabbit-ransomware-and-the-f5-backdoor/, https://www.trendmicro.com/en_us/research/22/a/new-ransomware-spotted-white-rabbit-and-its-evasion-tactics.html",,,20-Jan-22,Yes
Mirai Botnet Abusing Log4j,Akamai,https://www.akamai.com/blog/security/mirai-botnet-abusing-log4j-vulnerability,,HIGH,21-Jan-22,Yes
Operation Bleeding Bear,Elastic,https://elastic.github.io/security-research/malware/2022/01/01.operation-bleeding-bear/article/#indicators,,HIGH,20-Jan-22,Yes
Targeted ICS Spyware,Kaspersky,https://ics-cert.kaspersky.com/publications/reports/2022/1/19/campaigns-abusing-corporate-trusted-infrastructure-hunt-for-corporate-credentials-on-ics-networks/,,MEDIUM,20-Jan-22,Yes
BHUNT Stealer,BitDefender,https://www.bitdefender.com/files/News/CaseStudies/study/411/Bitdefender-PR-Whitepaper-CyberWallet-creat5874-en-EN.pdf,,,21-Jan-22,Yes
DoL Phishing,INKY,https://www.inky.com/blog/fresh-phish-phishers-lure-victims-with-fake-invites-to-bid-on-nonexistent-federal-projects,,MEDIUM,21-Jan-22,Yes
DONOT Hacking team/APT-C-35/SectorE02,WeLiveSecurity,https://www.welivesecurity.com/2022/01/18/donot-go-do-not-respawn/,,MEDIUM,21-Jan-22,Yes
DDoS IRC Bot Malware,ASEC,https://asec.ahnlab.com/en/30755/,,MEDIUM,24-Jan-22,Yes
MoonBounce,Kaspersky,https://securelist.com/moonbounce-the-dark-side-of-uefi-firmware/105468/,,HIGH,20-Jan-22,Yes
Molerats APT Espionage campaign,Zscaler,https://www.zscaler.com/blogs/security-research/new-espionage-attack-molerats-apt-targeting-users-middle-east,,HIGH,24-Jan-22,Yes
OceanLotus APT attack,QI-ANXIN Threat Intelligence Center,https://mp.weixin.qq.com/s/1L7o1C-aGlMBAXzHqR9udA,,HIGH,25-Jan-22,Yes
STRRAT,Fortinet,https://www.fortinet.com/blog/threat-research/new-strrat-rat-phishing-campaign,,MEDIUM,25-Jan-22,Yes
Emotet Spam,Trend Micro,https://www.trendmicro.com/en_us/research/22/a/emotet-spam-abuses-unconventional-ip-address-formats-spread-malware.html,,HIGH,24-Jan-22,Yes
DTPacker,Proofpoint,https://www.proofpoint.com/us/blog/threat-insight/dtpacker-net-packer-curious-password-1,,MEDIUM,24-Jan-22,Yes
Infected PowerPoint Files Using Cloud Services to Deliver Multiple Malware,Netskope,https://www.netskope.com/blog/infected-powerpoint-files-using-cloud-services-to-deliver-multiple-malware,,MEDIUM,25-Jan-22,Yes
APT36/Earth Karkaddan,Trend Micro,https://www.trendmicro.com/en_us/research/22/a/investigating-apt36-or-earth-karkaddans-attack-chain-and-malware.html,,HIGH,25-Jan-22,Yes
Trickbot's new evasion technique,IBM,https://securityintelligence.com/posts/trickbot-bolsters-layered-defenses-prevent-injection/,,HIGH,25-Jan-22,Yes
BRATA RAT malware,Cleafy Labs,https://www.cleafy.com/cleafy-labs/how-brata-is-monitoring-your-bank-account,,MEDIUM,25-Jan-22,Yes
DazzleSpy macOS malware,WeLiveSecurity,https://www.welivesecurity.com/2022/01/25/watering-hole-deploys-new-macos-malware-dazzlespy-asia/,ESET rersearchers discovered a new watering hole attack targeting macOS users and visitors of a pro-democracy radio station website in Hong Kong and infecting them with the DazzleSpy malware.,MEDIUM,27-Jan-22,Yes
Midas Ransomware,Sophos,"https://news.sophos.com/en-us/2022/01/25/windows-services-lay-the-groundwork-for-a-midas-ransomware-attack/, https://github.com/sophoslabs/IoCs/blob/master/Ransomware-Midas.csv",An attack on technology vendor was identified and the ransomware behind it was Midas. Midas Ransomware Attack Highlights the Risks of Limited Access Controls and “Ghost” Tools. The attackers were able to spend nearly two months undetected in a target's environment.,MEDIUM,28-Jan-22,Yes
Analysis of a Management IP Address linked to Molerats APT,Team Cymru,https://team-cymru.com/blog/2022/01/26/analysis-of-a-management-ip-address-linked-to-molerats-apt/,"Team Cymru have analysed management of IP addresses which were linked to Molerats APT. These were higher order infrastructure, utilizing IP addresses assigned to Palestinian providers. Additionally the targets identified were Israel and Saudi Arabia.",MEDIUM,28-Jan-22,Yes
AsyncRAT,Morphisec,https://blog.morphisec.com/asyncrat-new-delivery-technique-new-threat-campaign,"Morphisec researchers have identified a new, sophisticated campaign delivery evading multiple AVs. Through a simple email phishing tactic with an html attachment, threat attackers are delivering AsyncRAT (a remote access trojan) designed to remotely monitor and control its infected computers through a secure, encrypted connection.",MEDIUM,28-Jan-22,Yes
Chaes Banking Trojan,Avast,https://decoded.avast.io/anhho/chasing-chaes-kill-chain/,"Researchers from Avast discovered that Chaes banking Trojan has been actively spreading since November 2020. Chaes is its multi-stage distribution method, which makes use of programming frameworks such as JScript, Python, and NodeJS, binary files written in Delphi, as well as malicious Google Chrome extensions, among other things.",HIGH,31-Jan-22,Yes
Belarusian Cyber-Partisans group attack national railways,Curated Intel,https://www.curatedintel.org/2022/01/hacktivist-group-shares-details-related.html,"Belarusian hacktivist group aka Belarusian Cyber-Partisans claimed responsibility for a limited attack against the national railway company. A primary objective of the attack, they claimed, was aimed at hindering Russian troop movements inside Belarus. Initial access via BlueKeep RCE (CVE-2019-0708) in RDP in a Windows Server 2008 R2 system. Used the 3proxy[.]ru service to launch attacks from a VPS. Use of Mimikatz to dump LSASS, etc..",LOW,1-Feb-22,Yes
KONNI RAT,MalwareBytes,https://blog.malwarebytes.com/threat-intelligence/2022/01/konni-evolves-into-stealthier-rat/,"KONNI is a Remote Administration Tool that has being used for at least 8 years. The North Korean threat actor that is using this piece of malware has being identified under the Kimsuky umbrella. KONNI Rat is being actively developed, and new samples are now including significant updates.",HIGH,31-Jan-22,Yes
Prophet Spider exploiting Log4j Vulnerability,Blackberry,https://blogs.blackberry.com/en/2022/01/log4u-shell4me,"Blackberry Research team have discovered an correlating attack by Prophet Spider group with exploitation of Log4j vulnerability in VMware Horizon. Researchers also claimed to have spotted Propjer Spider TTPs as sell network access to other criminals, including ransomware gangs. Despite VMware's patch and subsequent guidance, many implementations remain unpatched, leaving them susceptible to exploitation.",HIGH,31-Jan-22,Yes
APT 27 targetting German Companies,Federal Office_German Government,"https://www.verfassungsschutz.de/SharedDocs/publikationen/DE/cyberabwehr/2022-01-bfv-cyber-brief.pdf?__blob=publicationFile&v=10, https://therecord.media/german-government-warns-of-apt27-activity-targeting-local-companies/",German government informed about a Chinese cyberespionage campaign who have been targetting german companies by exploiting vulnerabilities in Microsoft exchange and ZOHO Self service. In this campaign HyperBro malware was used.,LOW,1-Feb-22,Yes
WaspLocker Ransomware,Cyfirma,https://www.cyfirma.com/outofband/ransomware-report-wasplocker/,"WaspLocker is a ransomware which encrypts files on your system with AES+RSA encryption and append the encrypted files with .0.locked extension and put them in a folder with extension .locked. It spreads via phishing, spear phishing, and social engineering tactics.",LOW,1-Feb-22,Yes
BotenaGo Malware,AT&T,https://cybersecurity.att.com/blogs/labs-research/botenago-strike-again-malware-source-code-uploaded-to-github,"BotenaGo malware source code is now available to any malicious hacker or malware developer. With only 2,891 lines of code, BotenaGo has the potential to be the starting point for many new variants and new malware families using its source code. Alien Labs expects to see new campaigns based on BotenaGo variants targeting routers and IoT devices globally.",MEDIUM,2-Feb-22,Yes
StellarParticle campaign by CozyBear/APT29,CrowdStrike,https://www.crowdstrike.com/blog/observations-from-the-stellarparticle-campaign/,"Researchers at Crowdstrike has tracked activities of the StellatPraticle campaign and its association with the COZY BEAR adversary group. They have also disccussed about the Tactics and Techniques leveraged in StellarPraticle, few of the techniques are - Credential hopping, use of TrailBlazer implant and Linux variant of GoldMax malware, etc.",HIGH,2-Feb-22,Yes
TrickBot Invoices,Cofense,https://cofense.com/blog/trickbot-malware-delivered-as-invoicess,"In the new campaign TrickBot is taking advantage of supply chain delays and sending the phishing emails to users with an invoice attachment claiming to be from USPS. This TrickBot campaign demonstrates more effort than past campaigns relative to design, and more, in the email itself. Most of the time, the style for TrickBot campaign emails is relatively simple and can be easily spotted as suspicious.",HIGH,27-Jan-22,Yes
White Tur Threat Group,PWC ,https://www.pwc.com/gx/en/issues/cybersecurity/cyber-threat-intelligence/threat-actor-of-in-tur-est.html,"A newly detailed threat actor has been observed employing various techniques borrowed from multiple advanced persistent threat (APT) actors, dubbed as 'White Tur', the adversary hasn’t been attributed to a specific geography, although it appears to have been active since at least 2017. The adversary was also observed abusing the open source project OpenHardwareMonitor for payload execution.",MEDIUM,4-Feb-22,Yes
Lazarus APT,Malwarebytes,https://blog.malwarebytes.com/threat-intelligence/2022/01/north-koreas-lazarus-apt-leverages-windows-update-client-github-in-latest-campaign/,This attack including a clever use of Windows Update to execute the malicious payload and GitHub as a command and control server by North Korean APT. ,HIGH,2-Feb-22,Yes
Log4j 4 IP's,Internal,Internal Investigations,IP address linked to Log4j vulnerability,HIGH,31-Jan-22,Yes
MuddyWater targets Turkish users ,Cisco Talos,http://blog.talosintelligence.com/2022/01/iranian-apt-muddywater-targets-turkey.html,"Researchers at Cisco Talos has observed a new campaign targeting Turkish private organizations alongside governmental institutions. They have attributes this campaign with high confidence to MuddyWater, which utilizes malicious PDFs, XLS files and Windows executables to deploy malicious PowerShell-based downloaders acting as initial footholds.",HIGH,3-Feb-22,Yes
ShuckWorm targets Ukraine,Symantec,https://symantec-enterprise-blogs.security.com/blogs/threat-intelligence/shuckworm-gamaredon-espionage-ukraine,Symenatec researchers cam through a cyber espionage campaign targetting Ukraine. This campaign was attributed a famous threat actor group called Shuckworm which is allegedly a state sponsored threat group from Russia.,MEDIUM,2-Feb-22,Yes
Lazarus APT targeting job seekers,CyberGeeks,https://cybergeeks.tech/a-detailed-analysis-of-lazarus-malware-disguised-as-notepad-shell-extension/,"Lazarus APT is yet again targeting job seekers and using job opportunities documents for companies such as LockHeed Martin, BAE Systems, and Boeing. In this blog, researcher analysed document called Boeing BDS MSE.docx, it focuses on people that are looking for jobs at Boeing. The malware extracts the hostname, username, network information, a list of processes, and other information that will be exfiltrated to one out of the four C2 servers. ",LOW,9-Feb-22,Yes
PowerLess Trojan by Phosphorus/APT35,Cybereason,https://www.cybereason.com/blog/powerless-trojan-iranian-apt-phosphorus-adds-new-powershell-backdoor-for-espionage,"Cybereason researchers recently discovered a new set of tools which were developed by the Phosphorus group and incorporated into their arsenal, including a novel PowerShell backdoor dubbed PowerLess Backdoor. Research also highlights a stealthy technique used by the group to avoid PowerShell detection by running the PowerShell Backdoor in a .NET context rather than spawning the PowerShell process.",HIGH,3-Feb-22,Yes
StrifeWater RAT added to Iranian APT Moses Staff arsenal,Cybereason,https://www.cybereason.com/blog/strifewater-rat-iranian-apt-moses-staff-adds-new-trojan-to-ransomware-operations,"Researchers discovered a previously unidentified Remote Access Trojan (RAT) in the Moses Staff arsenal dubbed StrifeWater. The StrifeWater RAT appears to be used in the initial stage of the attack and this stealthy RAT has the ability to remove itself from the system to cover the Iranian group’s tracks. The RAT possesses other capabilities, such as command execution and screen capturing, as well as the ability to download additional extensions. ",MEDIUM,4-Feb-22,Yes
SolarMarker Campaign,Sophos,https://news.sophos.com/en-us/2022/02/01/solarmarker-campaign-used-novel-registry-changes-to-establish-persistence/,"SophosLabs has monitored a series of new efforts to distribute SolarMarker, an information stealer and backdoor. It was first detected in 2020, the .NET malware usually delivered by a PowerShell installer has information harvesting and backdoor capabilities.",MEDIUM,11-Feb-22,Yes
Sugar Ransomware,Walmart Global Tech Blog,https://medium.com/walmartglobaltech/sugar-ransomware-a-new-raas-a5d94d58d9fb,Recently an threat actor has been starting up a RaaS solution that appears to primarily focus on individual computers instead of entire enterprises but is also reusing objects from other ransomware families. Researchers analysed sample from a tweet and concluded it as Sugar Ransomware.,MEDIUM,4-Feb-22,Yes
Mars Stealer- New variant of Oski Stealer,@3xport,https://3xp0rt.com/posts/mars-stealer,"A new variant of Oski stealer has been identified in the wild named Mars Stealer.It has capability to steal information from all popular web browsers, two-factor authentication plugins, and multiple cryptocurrency extensions and wallets.",LOW,4-Feb-22,Yes
BazarBackdoor malware campaign,Bleeping Computer,https://www.bleepingcomputer.com/news/security/malicious-csv-text-files-used-to-install-bazarbackdoor-malware/,"A new phishing campaign is using specially crafted CSV text files to infect users' devices with the BazarBackdoor malware. The phishing emails pretend to be ""Payment Remittance Advice"" with links to remote sites that download a CSV file with names similar to 'document-21966.csv.'",MEDIUM,7-Feb-22,Yes
SEO Poisoning distributes BATLOADER malware,Mandiant,https://www.mandiant.com/resources/seo-poisoning-batloader-atera,"Mandiant researchers uncovered a malicious campaign using SEO poisoning to trick potential victims into downloading the BATLOADER malware. The attackers created malicious sites and packed it with keywords of popular software products, and used search engine optimization poisoning to make them show up higher in search results.",HIGH,9-Feb-22,Yes
Arid Viper APT,Cisco Talos,http://blog.talosintelligence.com/2022/02/arid-viper-targets-palestine.html,Cisco Talos has observed a new wave of Delphi malware called Micropsia developed and operated by the Arid Viper APT group since 2017. This campaign targets Palestinian entities and activists using politically themed lures. This is a group believed to be based out of Gaza that's known to target organizations all over the world.,MEDIUM,9-Feb-22,Yes
Mac Trojan:Update Agent,Microsoft,https://www.microsoft.com/security/blog/2022/02/02/the-evolution-of-a-mac-trojan-updateagents-progression/,The Mac trojan has evolved and its avatar by name UpdateAgent has added multiple capabilities to its artillerylike bypassing gatekeeper. It lures its victims by impersonating legitimate software and can leverage Mac device functionalities to its benefit.,MEDIUM,9-Feb-22,Yes
CoinStomp Malware ,Cado security,https://www.cadosecurity.com/coinstomp-malware-family-targets-asian-cloud-service-providers/,"Cado Security Researchers has discovered a new malware campaign targeting Asian Cloud Service Providers (CSPs). Researchers dubbed the malware as CoinStomp, this family of malware exploit cloud compute instances for the purpose of mining cryptocurrency.",MEDIUM,11-Feb-22,Yes
Chinese APT Antlion targets financial institutions ,Symantec,https://symantec-enterprise-blogs.security.com/blogs/threat-intelligence/china-apt-antlion-taiwan-financial-attacks,"Antlion (Chinese state-backed APT) has been targeting financial institutions in Taiwan in a persistent campaign over the course of at least 18 months. The attackers deployed a custom backdoor we have called xPack on compromised systems, which gave them extensive access to victim machines.",LOW,9-Feb-22,Yes
Operation EmailThief,Volexity,https://www.volexity.com/blog/2022/02/03/operation-emailthief-active-exploitation-of-zero-day-xss-vulnerability-in-zimbra/,"Alleged Chinese threat actor, tracked as TEMP_Heretic, is actively attempting to exploit a zero-day XSS vulnerability in the Zimbra open-source email platform. The campaign has been named as EmailThief. The successful exploitation of the cross-site scripting (XSS) vulnerability could allow threat actors to execute arbitrary JavaScript code.",MEDIUM,9-Feb-22,Yes
Gamaredon targets Ukraine,Palo Alto,"https://unit42.paloaltonetworks.com/gamaredon-primitive-bear-ukraine-update-2021/,  https://www.microsoft.com/security/blog/2022/02/04/actinium-targets-ukrainian-organizations/",The Russia-linked Gamaredon hacking group aka Primitive Bear has been actively targetting wester government entity in Ukraine. The threat vector was phishing attack which leveraged a job search and employment platform within the country as a conduit to upload their malware downloader in the form of a resume for an active job listing related to the targeted entity.,HIGH,18-Feb-22,Yes
LockBit 2.0 Ransomware,FBI FLASH,https://www.ic3.gov/Media/News/2022/220204.pdf,"LockBit 2.0 operates as an affiliate-based Ransomware-as-a-Service (RaaS) and employs a wide variety of tactics, techniques, and procedures (TTPs). LockBit 2.0 ransomware compromises victim networks through a variety of techniques, including, but not limited to, purchased access, unpatched vulnerabilities, insider access, and zero day exploits.",HIGH,8-Feb-22,Yes
QakBot Phishing campaign,DFIR Report,https://thedfirreport.com/2022/02/07/qbot-likes-to-move-it-move-it/,"Qakbot activities since October 2021 has been demystified by DFIR researchers. A malicious email campaign was used to deliver an Excel (xls) document. Following the opening of the xls document, the initial Qbot DLL loader was downloaded and saved to disk.",HIGH,9-Feb-22,Yes
PrivateLoader,Intel471,https://intel471.com/blog/privateloader-malware,"An analysis of a pay-per-install loader by Intel471 researchers has highlighted its place in the deployment of popular malware strains including Smokeloader,Vidar and Redline. The distribution of PrivateLoader is mostly through cracked software websites.",MEDIUM,10-Feb-22,Yes
Molerat Palestinian-Aligned Espionage campaign,Proofpoint,https://www.proofpoint.com/us/blog/threat-insight/ugg-boots-4-sale-tale-palestinian-aligned-espionage,"A new campaign have been discovered by proofpoint researchers  which details about operations of Molerat threat group who is allegedly affliated with Palestanine interest. TA402 is not only abusing Dropbox services for delivery of NimbleMamba, but also for malware command and control (C2).",HIGH,10-Feb-22,Yes
Gold Dragon Malware,AhnLab,https://asec.ahnlab.com/en/31089/,"A new wave of activity from the Kimsuky hacking group have been spotted by ASEC analysis team. Group was using xRAT (open-source RAT) and dropped with their custom backdoor dubbed as Gold Dragon. The campaign started on January 24, 2022 targeting South Korean entitites, and is still ongoing.",MEDIUM,8-Feb-22,Yes
Lorenz Ransomware,Cybereason,https://www.cybereason.com/blog/cybereason-vs.-lorenz-ransomware,"Lorenz Ransomware was first seen in February 2021, and it is believed to be a rebranding of "".s40"" ransomware. Lorenz Ransomware targets organisations worldwide with customised attacks and targeting victims mostly in English-speacking countries.",MEDIUM,11-Feb-22,Yes
RedLine Stealer disguised as Windows 11 installer,HP,https://threatresearch.ext.hp.com/redline-stealer-disguised-as-a-windows-11-upgrade/,"Threat actors have started luring Windows10 users, soon after the announcement of Windows11 upgrade. They are using a fake microsoft website to trick users into downloading and running a fake installer and executing RedLine stealer malware.",MEDIUM,11-Feb-22,Yes
Magecart attacking Magento sites,Sansec,https://sansec.io/research/naturalfreshmall-mass-hack,"According to Sansec, more than 350 ecommerce stores infected with malware in a single day. All stores were victim of a payment skimmer loaded from a domain. The doamin is currently offline, however the goal of the threat actors was to steal the credit card information of customers on the targeted online stores.",MEDIUM,15-Feb-22,Yes
Emotet dropping Cobalt Strike,ISC.SANS,https://isc.sans.edu/diary/rss/28318,Researchers at SANS has disected a Cobalt Strike sample dropped by Emotet and shared their analysis.,HIGH,11-Feb-22,Yes
Transparent Tribe Group/APT36,Cisco Talos,http://blog.talosintelligence.com/2022/02/whats-with-shared-vba-code.html,"Researchers from Talos recently analyszed Crimson RAT and Oblique RATS sample and were able to attribute the attck to Transparent Tribe Threat group also knows as APT36. The thraet actor is known to be targetting India.Their initial infection vector is usually email, purporting to come from official sources and containing a lure, which can be a Word document or more often, an Excel spreadsheet.  ",HIGH,11-Feb-22,Yes
OilRig's New Espionage Campaign-Out To Sea,ESET,https://www.welivesecurity.com/wp-content/uploads/2022/02/eset_threat_report_t32021.pdf,"Recently Researchers from ESET discovered a new campaign dubbed 'Out  to Sea'. This campaign was attributed to APT34(OilRig), which had also links with Lyceum group. Their malware toolset has also been developed and they have come up with a backdoor named Marlin.",MEDIUM,14-Feb-22,Yes
ModifiedElephant APT,SentinelOne,https://www.sentinelone.com/labs/modifiedelephant-apt-and-a-decade-of-fabricating-evidence/,"SentinelOne researchers attributed the intrusions to a group tracked as ""ModifiedElephant"". The threat actor has been operational since at least 2012, its activity aligns sharply with Indian state interests. The threat actor uses spear-phishing technique with malicious documents to deliver malware, such as NetWire, DarkComet and keyloggers.",MEDIUM,17-Feb-22,Yes
GlowSpark Campaign,Inquest,https://inquest.net/blog/2022/02/10/380-glowspark,"Inquest Labs researchers analysed a malicious document from the GlowSpark campaign, which is a possible attack vector in the WhisperGate attack. Some samples of this campaign are quite secretive as it successfully infect the target. This allows the threat actor to gain a strong foothold in the victim's network without leaving a large footprint. ",MEDIUM,17-Feb-22,Yes
BlackByte Ransomware,FBI FLASH,https://www.ic3.gov/Media/News/2022/220211.pdf,"BlackByte ransomware had compromised multiple US and foreign businesses, including entities in at least three US critical infrastructure sectors (government facilities, financial, and food & agriculture). Recently it came in news when the tansomware attacked San Francisco 49ers ahead of the Super Bowl.",MEDIUM,15-Feb-22,Yes
LockBit 2.0 Ransomware TTPs,Picus Security,https://www.picussecurity.com/resource/lockbit-2.0-ransomware-ttps-used-in-emerging-ransomware-campaigns,"On 4th Feb 2022, FBI issued a Flash report on Lockbit 2.0 Ransomware and few IoCs. Picus Security team has also shared TTPs used by the Lockbit 2.0 ransomware operators in emerging ransomware campaigns. ",HIGH,16-Feb-22,Yes
MyloBot Malware,Minerva Labs,https://blog.minerva-labs.com/mylobot-2022-so-many-evasive-techniques-just-to-send-extortion-emails,"A new version of the MyloBot malware has been observed to deploy malicious payloads that are being used to send sextortion emails demanding victims a huge sum in form of digital currency. MyloBot also leverages a technique called process hollowing, wherein the attack code is injected into a suspended and hollowed process in order to circumvent process-based defenses.",MEDIUM,16-Feb-22,Yes
BitRAT malware,Fortinet,https://www.fortinet.com/blog/threat-research/nft-lure-used-to-distribute-bitrat,"Threat actors are leveraging NFT (Non-fungible tokens) information to lure users into downloading the BitRAT malware. The campaign makes use of malicious Excel files named ‘NFT_Items’ to attract targets. These files are hosted on the Discord app and appear to contain names of NFTs, forecasts for potential investment returns, and selling quantities.",MEDIUM,16-Feb-22,Yes
TA2541 APT targets Aviation,Proofpoint,https://www.proofpoint.com/us/blog/threat-insight/charting-ta2541s-flight,"ProofPoint researchers have identified threat actor TA2541 to be tragetting avaiation and aersospace industries. The threat actor commonly uses RATs through which they can control compromised machines. It is said that target can be 100 of organizations from North America, Europe, and the Middle East.",MEDIUM,16-Feb-22,Yes
ShadowPad RAT linked to Chinese government,SecureWorks,https://www.secureworks.com/research/shadowpad-malware-analysis,"Researchers from SecureWorks were able to link recent activity of ShadowPad malware to multiple threat actors from China whose activity can be linked to Chinese ministry and PLA. It is the same malware which was behind the attacks on  NetSarang, CCleaner, and ASUS.",MEDIUM,16-Feb-22,Yes
Emotet new Infection Method,Palo Alto,https://unit42.paloaltonetworks.com/new-emotet-infection-method/,"Researchers at Palo Alto Unit42 have found that yet agan the infamous Emotet malware has switched tactics. In an email campaign propagating through malicious Excel files that includes an obfuscated Excel 4.0 macro through socially engineered emails. When the macro is activated, it downloads and executes an HTML application that downloads two stages of PowerShell to retrieve and execute the final Emotet payload",MEDIUM,17-Feb-22,Yes
Trickbot Attacks Global Giants customers,Checkpoint,https://research.checkpoint.com/2022/a-modern-ninja-evasive-trickbot-attacks-customers-of-60-high-profile-companies/,Researchers from Checkpoint analyzed new evasive technique of TrickBot and also found this time it has been targetting more than 60 firm's customers worldwide. The trickbot operators have been using AntiAnalysis techniques so that researchers can't send automated requests to Command-and-Control servers to get fresh web-injects.,MEDIUM,16-Feb-22,Yes
Moses Staff targets Israeli Organization,Fortinet,https://www.fortinet.com/blog/threat-research/guard-your-drive-from-driveguard,"Moses Staff threat actor has recently launched a new espionage campaign against Israeli organizations. This time they have been leveraging the ProxyShell vulnerability in Microsoft Exchange servers as an initial infection vector to deploy two web shells, followed by exfiltrating Outlook Data Files (.PST) from the compromised server.",MEDIUM,18-Feb-22,Yes
Kraken- A new botnet,ZeroFox,https://www.zerofox.com/blog/meet-kraken-a-new-golang-botnet-in-development/#iocs,"Researchers from Zerofox have found a new golang based botneyt dubbed Kraken which is currently under development and has backdoor capabilities to siphon sensitive information from compromised Windows hosts. Their targets are crypto wallets which are not limited to Armory, Atomic Wallet, Bytecoin, Electrum, Ethereum, Exodus, Guarda, Jaxx Liberty, and Zcash.",MEDIUM,18-Feb-22,Yes
Power BI Phishing Campaign,Cofense,https://cofense.com/blog/phishers-spoof-power-bi-to-visualize-your-credential-data,"Cofense Phishing Defense Center has analysed a new phishing campaign that harvests Microsoft credentials by impersonating Power BI emails. Due to Power BI's popularity, commonly used and vendor trust, it has become the prime target for threat actors to spoof and abuse it for phishing attacks.",MEDIUM,18-Feb-22,Yes
Remcos RAT ,ISC.SANS,https://isc.sans.edu/forums/diary/Remcos+RAT+Delivered+Through+Double+Compressed+Archive/28354/,"ISC SANS Researcher has shared an analysis for a sample received via email. The file was received as an attachment to a mail that pretended to be related to a purchase order. Later, Researcher attributed the file to Remcos RAT. ",MEDIUM,21-Feb-22,Yes
TunnelVision exploiting Log4j,SentinelOne,https://www.sentinelone.com/labs/log4j2-in-the-wild-iranian-aligned-threat-actor-tunnelvision-actively-exploiting-vmware-horizon/,"SentinelOne researchers have observed some activities of TunnelVision attackers, which focuses on exploitation of VMware Horion Lojg4j vulnerabilities. The attackers actively exploiting the vulnerability to run malicious PowerShell commands, deploy backdoors, create backdoor users, harvest credentials and perform lateral movement. Moreover, Researchers has been tracking the activity of the Iranian threat actor operating in the Middle-East and the US.",MEDIUM,21-Feb-22,Yes
PseudoManuscrypt Malware,ASEC,https://asec.ahnlab.com/en/31683/,Multiple windows machines in South Korea have been attacked by PseudoManuscrypt malware. This malware is said to be using the same tactics as of CryptBot. The malware's target have been mostly government and industrial organization.,MEDIUM,21-Feb-22,Yes
Predatory Sparrow targets Iran's BroadCaster ,Checkpoint,https://research.checkpoint.com/2022/evilplayout-attack-against-irans-state-broadcaster/,"A wave of cyberattacks has floaded Iran in 2021 and early 2022. CPR team has done a technical analysis on one of the attacks against Iranian national media corporation, Islamic Republic of Iran Broadcasting (IRIB) which occurred in late January 2022.",LOW,22-Feb-22,Yes
Qbot utilized to exploit ZeroLogon Vulnerability,DFIR Report,https://thedfirreport.com/2022/02/21/qbot-and-zerologon-lead-to-full-domain-compromise/,Researchers at DFIR Report has discovered that threat actors are exploiting Qbot and ZeroLogon vulnerability. The threat actor gained their initial access through the execution of a malicious DLL.,MEDIUM,22-Feb-22,Yes
Katana Botnet exploited Ukrainian websites,Cado security,https://www.cadosecurity.com/technical-analysis-of-the-ddos-attacks-against-ukrainian-websites/,"A team from Cado security have identified the source as 'Katana botnet' (one of the Mirai variant) was behind the series of DDoS attacks against Ukrainian websites between 15-16 February.  The impacted sites included Banks, Government and Military websites. Moreover Ukrainian CERT,  360Netlab and BadPackets have attributed the source of these attacks to Mirai botnet.",MEDIUM,22-Feb-22,Yes
Arkei Infostealer utilizing SmokeLoader,Blackberry,https://blogs.blackberry.com/en/2022/02/threat-thursday-arkei-infostealer?utm_medium=social&utm_source=bambu,The latest analysis of the Arkei Infostealer shows that the cyber-thieves are increasingly targeting people using multifactor authentication as well as crypto-wallets. Arkei Infostealer is often sold and distributed as Malware-as-a-Service and has been spotted utilizing SmokeLoader as a method of deployment. Both Arkei and SmokeLoader have been identified using the same IOCs and known-malicious URLs to conduct their malicious operations.,MEDIUM,22-Feb-22,Yes
TeamTNT targeting Linux servers,Intezer,https://www.intezer.com/blog/malware-analysis/teamtnt-cryptomining-explosion/,"Researchers at Intezer have alerted with TTPs of TeamTNT threat actor. Over the past year, TeamTNT threat actor has been very active and is one of the predominant cryptojacking threat actors, however currently targeting Linux servers.",MEDIUM,24-Feb-22,Yes
CryptBot Infostealer,ASEC,https://asec.ahnlab.com/en/31802/,A new version of the CryptBot info stealer was found by ASEC researchers which was getting distributed via multiple websites that offer free downloads of cracks for games and pro-grade software. In the current version of the CryptoBot there is only one infostealing C2.,MEDIUM,22-Feb-22,Yes
Cobalt Strike targets MS-SQL servers,ASEC,https://asec.ahnlab.com/en/31811/,"Researchers from ASEC discovered a campaign in which unpatched Microsoft SQL Database servers were targetted by distribution of Cobalt Strike. The attacker usually scans port 1433 to check if MS-SQL servers open to the public, if its found open then they launch brute forcing or dictionary attacks against the admin account.",MEDIUM,22-Feb-22,Yes
Operation Cache Panda,CyCraft,https://medium.com/cycraft/supply-chain-attack-targeting-taiwan-financial-sector-bae2f0962934,Researchers from Cycraft have came across campaign which has been targetting Taiwan's Financial trading sector with supply chain and this camapign has been attributed to allegedly state sponsored threat actor APT10.,LOW,23-Feb-22,Yes
HermeticWiper Malware,ESET,"https://twitter.com/ESETresearch/status/1496581908460941318, https://securityintelligence.com/posts/new-destructive-malware-cyber-attacks-ukraine/, https://www.sentinelone.com/labs/hermetic-wiper-ukraine-under-attack/, http://f5.pm/go-104012.html, https://www.zscaler.com/blogs/security-research/hermetic-wiper-resurgence-targeted-attacks-ukraine, https://cluster25.io/2022/02/24/ukraine-analysis-of-the-new-disk-wiping-malware/, https://symantec-enterprise-blogs.security.com/blogs/threat-intelligence/ukraine-wiper-malware-russia, http://blog.talosintelligence.com/2022/02/threat-advisory-hermeticwiper.html, https://www.cisa.gov/uscert/sites/default/files/publications/AA22-057A_Destructive_Malware_Targeting_Organizations_in_Ukraine.pdf",ESET Research discovered a new data wiper malware used against Ukraine. ESET detected that it was installed on hundreds of machines in the country. This follows the DDoS attacks against several Ukrainian websites. ,MEDIUM,24-Feb-22,Yes
Evolution of EvilCorp ,SentinelOne,https://assets.sentinelone.com/sentinellabs/sentinellabs_EvilCorp,"Researchers from Sentinel Labs have assessed with high confidence that WastedLocker, Hades, Phoenix Locker, PayloadBIN belongs to the same cluster of malware which EvilCorp operates. A technical analysis was also done on the evolution evolution of Evil Corp from Dridex through to Macaw Locker and, for the first time, publicly describe CryptOne and the role it plays in Evil Corp malware development.",MEDIUM,28-Feb-22,Yes
Cyclops Blink malware by Sandworm,NCSC-UK,https://www.ncsc.gov.uk/files/Cyclops-Blink-Malware-Analysis-Report.pdf,"A Joint advisory has been published by NCSC [UK] and CISA, FBI, NSA [USA] that identifies a new malware used by the actor Sandworm. Sandworm, also known as Voodoo Bear, has previously been attributed to Russia’s GRU. The malware dubbed Cyclops Blink appears to be a replacement for the VPNFilter malware exposed in 2018, and its deployment could allow Sandworm to remotely access networks. The advisory also includes information on the associated TTPs used by Sandworm.",MEDIUM,24-Feb-22,Yes
TrickBot Switches to New Malware,Intel471,https://intel471.com/blog/trickbot-2022-emotet-bazar-loader,As per the recent report by Intel 471 Trickbot is switching its operations and joining hands with Emotet operators. Also it has been noticed that Bazar malware family was also linked to trickbot recently as operators were taking over the TrickBot operations.,MEDIUM,28-Feb-22,Yes
SockDetour Targets U.S. Defense Contractors,Palo Alto,https://unit42.paloaltonetworks.com/sockdetour/,Researchers from PaloAlto have came across a stealthy custom malware SockDetour that targeted U.S.-based defense contractors. Analysis shows that SockDetour was delivered from an external FTP server to a U.S.-based defense contractor's internet-facing Windows server.,MEDIUM,28-Feb-22,Yes
Muddywater attacks U.S/Worldwide,FBI/NCSC/CISA,https://www.ic3.gov/Media/News/2022/220224.pdf,"Authorities from US and UK have released a detailed advisory about the recent cyber espionage campaign of MuddyWater which is allegedly state sponsored by Iran and works in the interests of MOIS. In this current campaign they have been mainly targeting government and private organizations from industries including telecom,defense,oil & gas located in Asia, Africa, Europe, and North America. This time they have come up with a variety of malwares ranging from PowGoop,Small Sieve, Mori and POWERSTATS",HIGH,25-Feb-22,Yes
UNC2596 deploys Cuba ransomware,Mandiant,https://www.mandiant.com/resources/unc2596-cuba-ransomware,"Mandiant researchers have tracked a ransomware gang as UNC2596 who also claims to be COLDDRAW and commonly known as Cuba ransomware have been found exploiting Microsoft Exchange vulnerabilities to gain initial access to corporate networks and encrypt devices. Cuba operation primarily targets the United States, followed by Canada.",MEDIUM,28-Feb-22,Yes
QakBot Campaign with old Tactics,Cofense,https://cofense.com/blog/qakbot-campaign-attempts-to-revive-old-emails,"Confense Phishing Defense Center has analysed emails delivering Qakbot that use a familiar tactic, which is used in old emails. ",MEDIUM,1-Mar-22,Yes
ColdStealer Infostealer,ASEC,https://asec.ahnlab.com/en/32090/,"Researchers from ASEC has analysed a new type of Infostealer dubbed as ColdStealer, it disguises as a software download for cracks and tools. There are two type of distribution methods used by ColdStealer, first it distribute single type of malware like CryptBot or RedLine, secondly Dropper type malware. ",MEDIUM,1-Mar-22,Yes
Electron Bot - SEO poisoning malware,Checkpoint,https://research.checkpoint.com/2022/new-malware-capable-of-controlling-social-media-accounts-infects-5000-machines-and-is-actively-being-distributed-via-gaming-applications-on-microsofts-official-store/,"Researchers at Check Point Research has identifed a new malware dubbed as Electron Bot, which has infected over 5000 active machines worldwide and being distributed through Microsoft’s official store. Electron Bot is a modular SEO poisoning malware, which is used for social media promotion and click fraud. Once malware persist inside the targeted system, it executes attacker commands, such as controlling social media accounts on Facebook, Google and Sound Cloud.",MEDIUM,1-Mar-22,Yes
DDoS attacks against Ukrainian Websites,netlab360,https://blog-netlab-360-com.translate.goog/wo-men-kan-dao-de-wu-ke-lan-bei-ddosgong-ji-xi-jie/?_x_tr_sl=zh-CN&_x_tr_tl=en&_x_tr_hl=zh-CN,,MEDIUM,28-Feb-22,Yes
UNC3313 targets MiddleEast government,Mandiant,https://www.mandiant.com/resources/telegram-malware-iranian-espionage,,MEDIUM,1-Mar-22,Yes
Spear Phishing attacks on Ukraine,Palo Alto,https://unit42.paloaltonetworks.com/ukraine-targeted-outsteel-saintbot/,Researchers from PaloAlto identified a spear phishing campaign which was attributed to UAC-0056. The target organization were from Ukraine and the payloads included the Document Stealer OutSteel and the Downloader SaintBot.,MEDIUM,1-Mar-22,Yes
New wiper and worm targets Ukraine,WeLiveSecurity,https://www.welivesecurity.com/2022/03/01/isaacwiper-hermeticwizard-wiper-worm-targeting-ukraine/,,HIGH,1-Mar-22,Yes
,,,,,,
,,,,,,
,,,,,,
,,,,,,
,,,,,,
,,,,,,
,,,,,,
,,,,,,
,,,,,,
,,,,,,
,,,,,,
,,,,,,
,,,,,,
,,,,,,
,,,,,,
,,,,,,
,,,,,,